Rk,Player,Tm,Age,Pos,G,GS,Tgt,Rec,Ctch%,Yds,Y/R,TD,Lng,R/G,Y/G,Fmb
1,Jarvis Landry*\LandJa00,MIA,25,WR,16,16,161,112,69.6%,987,8.8,9,49,7.0,61.7,4
2,Larry Fitzgerald*\FitzLa00,ARI,34,WR,16,16,161,109,67.7%,1156,10.6,6,37,6.8,72.3,1
3,Michael Thomas*\ThomMi05,NOR,24,WR,16,14,149,104,69.8%,1245,12.0,5,43,6.5,77.8,0
4,Keenan Allen*\AlleKe00,LAC,25,WR,16,15,159,102,64.2%,1393,13.7,6,51,6.4,87.1,1
5,Antonio Brown*+\BrowAn04,PIT,29,WR,14,14,163,101,62.0%,1533,15.2,9,57,7.2,109.5,4
6,DeAndre Hopkins*+\HopkDe00,HOU,25,WR,15,15,174,96,55.2%,1378,14.4,13,72,6.4,91.9,1
7,Golden Tate\TateGo00,DET,29,WR,16,12,120,92,76.7%,1003,10.9,5,71,5.8,62.7,1
8,Adam Thielen*\ThieAd00,MIN,27,WR,16,16,142,91,64.1%,1276,14.0,4,65,5.7,79.8,3
9,Julio Jones*\JoneJu02,ATL,28,WR,16,16,148,88,59.5%,1444,16.4,3,53,5.5,90.3,0
10,Le'Veon Bell*+\BellLe00,PIT,25,RB,15,15,106,85,80.2%,655,7.7,2,42,5.7,43.7,3
11,Travis Kelce*\KelcTr00,KAN,28,TE,15,15,122,83,68.0%,1038,12.5,8,44,5.5,69.2,0
12,Demaryius Thomas\ThomDe03,DEN,30,WR,16,16,140,83,59.3%,949,11.4,5,40,5.2,59.3,1
13,Alvin Kamara*\KamaAl00,NOR,22,fb/rb,16,3,100,81,81.0%,826,10.2,5,40,5.1,51.6,1
14,Jack Doyle*\DoylJa00,IND,27,TE,15,15,108,80,74.1%,690,8.6,4,26,5.3,46.0,2
15,Christian McCaffrey\McCaCh01,CAR,21,RB,16,10,113,80,70.8%,651,8.1,5,37,5.0,40.7,2
16,Doug Baldwin*\BaldDo00,SEA,29,WR,16,16,116,75,64.7%,991,13.2,8,54,4.7,61.9,0
17,A.J. Green*\GreeA.00,CIN,29,WR,16,16,143,75,52.4%,1078,14.4,8,77,4.7,67.4,2
18,Tyreek Hill*\HillTy00,KAN,23,WR,15,13,105,75,71.4%,1183,15.8,7,79,5.0,78.9,2
19,Davante Adams*\AdamDa01,GNB,25,WR,14,14,117,74,63.2%,885,12.0,10,55,5.3,63.2,0
20,Zach Ertz*\ErtzZa00,PHI,27,TE,14,13,110,74,67.3%,824,11.1,8,53,5.3,58.9,1
21,Duke Johnson\JohnDu00,CLE,24,,16,0,93,74,79.6%,693,9.4,3,41,4.6,43.3,4
22,Delanie Walker*\WalkHu00,TEN,33,TE,16,11,111,74,66.7%,807,10.9,3,42,4.6,50.4,2
23,Mike Evans\EvanMi00,TAM,24,WR,15,15,136,71,52.2%,1001,14.1,5,42,4.7,66.7,1
24,Dez Bryant\BryaDe01,DAL,29,WR,16,16,132,69,52.3%,838,12.1,6,50,4.3,52.4,1
25,Rob Gronkowski*+\GronRo00,NWE,28,TE,14,14,105,69,65.7%,1084,15.7,8,53,4.9,77.4,1
26,Mohamed Sanu\SanuMo00,ATL,28,WR,15,15,96,67,69.8%,703,10.5,5,25,4.5,46.9,0
27,Randall Cobb\CobbRa00,GNB,27,WR,15,14,92,66,71.7%,653,9.9,4,46,4.4,43.5,1
28,Jamison Crowder\CrowJa00,WAS,24,wr,15,6,103,66,64.1%,789,12.0,3,41,4.4,52.6,6
29,Brandin Cooks\CookBr00,NWE,24,WR,16,15,114,65,57.0%,1082,16.6,7,64,4.1,67.6,0
30,Jermaine Kearse\KearJe01,NYJ,27,WR,16,14,102,65,63.7%,810,12.5,5,51,4.1,50.6,1
31,Stefon Diggs\DiggSt00,MIN,24,WR,14,14,95,64,67.4%,849,13.3,8,59,4.6,60.6,0
32,Evan Engram\EngrEv00,NYG,23,TE,15,11,115,64,55.7%,722,11.3,6,35,4.3,48.1,0
33,Todd Gurley*+\GurlTo01,LAR,23,RB,15,15,87,64,73.6%,788,12.3,6,80,4.3,52.5,5
34,Robby Anderson\AndeRo04,NYJ,24,WR,16,15,114,63,55.3%,941,14.9,7,69,3.9,58.8,0
35,Devin Funchess\FuncDe00,CAR,23,WR,16,16,111,63,56.8%,840,13.3,8,44,3.9,52.5,0
36,Jason Witten*\WittJa00,DAL,35,TE,16,16,87,63,72.4%,560,8.9,5,28,3.9,35.0,1
37,Nelson Agholor\AghoNe00,PHI,24,WR,16,10,95,62,65.3%,768,12.4,8,72,3.9,48.0,0
38,Cooper Kupp\KuppCo00,LAR,24,wr,15,6,94,62,66.0%,869,14.0,5,64,4.1,57.9,1
39,Danny Amendola\AmenDa00,NWE,32,WR,15,8,86,61,70.9%,659,10.8,2,27,4.1,43.9,2
40,Adam Humphries\HumpAd00,TAM,24,wr,16,3,83,61,73.5%,631,10.3,1,43,3.8,39.4,1
41,Marvin Jones\JoneMa02,DET,27,WR,16,16,107,61,57.0%,1101,18.0,9,58,3.8,68.8,0
42,Ben Watson\WatsBe00,BAL,37,TE,16,12,79,61,77.2%,522,8.6,4,33,3.8,32.6,1
43,Carlos Hyde\HydeCa00,SFO,27,RB,16,16,88,59,67.0%,350,5.9,0,18,3.7,21.9,2
44,LeSean McCoy*\McCoLe01,BUF,29,RB,16,16,77,59,76.6%,448,7.6,2,39,3.7,28.0,3
45,Sterling Shepard\ShepSt00,NYG,24,WR,11,10,84,59,70.2%,731,12.4,2,77,5.4,66.5,1
46,Kendall Wright\WrigKe01,CHI,28,wr,16,4,91,59,64.8%,614,10.4,1,22,3.7,38.4,0
47,Michael Crabtree\CrabMi00,OAK,30,WR,14,14,101,58,57.4%,618,10.7,8,41,4.1,44.1,1
48,Melvin Gordon\GordMe00,LAC,24,RB,16,16,83,58,69.9%,476,8.2,4,49,3.6,29.8,1
49,Mark Ingram*\IngrMa01,NOR,28,RB,16,13,71,58,81.7%,416,7.2,0,54,3.6,26.0,3
50,JuJu Smith-Schuster\SmitJu00,PIT,21,wr,14,7,79,58,73.4%,917,15.8,7,97,4.1,65.5,0
51,Kenny Stills\StilKe00,MIA,25,WR,16,16,105,58,55.2%,847,14.6,6,61,3.6,52.9,4
52,Jimmy Graham*\GrahJi00,SEA,31,TE,16,13,96,57,59.4%,520,9.1,10,33,3.6,32.5,0
53,T.Y. Hilton*\HiltT.00,IND,28,WR,16,16,109,57,52.3%,966,16.9,4,80,3.6,60.4,2
54,Alshon Jeffery\JeffAl00,PHI,27,WR,16,16,120,57,47.5%,789,13.8,9,53,3.6,49.3,0
55,DeVante Parker\ParkDe01,MIA,24,WR,13,12,96,57,59.4%,670,11.8,1,36,4.4,51.5,1
56,Kyle Rudolph*\RudoKy00,MIN,28,TE,16,16,81,57,70.4%,532,9.3,8,34,3.6,33.3,0
57,Marquise Goodwin\GoodMa00,SFO,27,WR,16,16,105,56,53.3%,962,17.2,2,83,3.5,60.1,0
58,Marqise Lee\LeexMa00,JAX,26,WR,14,14,96,56,58.3%,702,12.5,3,45,4.0,50.1,1
59,James White\WhitJa02,NWE,25,rb,14,4,72,56,77.8%,429,7.7,3,27,4.0,30.6,0
60,Robert Woods\WoodRo02,LAR,25,WR,12,11,85,56,65.9%,781,13.9,5,94,4.7,65.1,1
61,Jared Cook\CookJa02,OAK,30,TE,16,16,86,54,62.8%,688,12.7,2,35,3.4,43.0,1
62,Eric Decker\DeckEr00,TEN,30,WR,16,8,83,54,65.1%,563,10.4,1,29,3.4,35.2,0
63,Tarik Cohen\CoheTa00,CHI,22,rb/wr,16,4,71,53,74.6%,353,6.7,1,70,3.3,22.1,3
64,Eric Ebron\EbroEr00,DET,24,TE,16,9,86,53,61.6%,574,10.8,4,44,3.3,35.9,1
65,Ted Ginn\GinnTe00,NOR,32,WR,15,10,70,53,75.7%,787,14.8,4,54,3.5,52.5,2
66,Kareem Hunt*\HuntKa00,KAN,22,RB,16,16,63,53,84.1%,455,8.6,3,78,3.3,28.4,1
67,Rishard Matthews\MattRi00,TEN,28,WR,14,11,87,53,60.9%,795,15.0,4,75,3.8,56.8,0
68,Jordy Nelson\NelsJo00,GNB,32,WR,15,15,88,53,60.2%,482,9.1,6,58,3.5,32.1,0
69,Theo Riddick\RiddTh00,DET,26,rb,16,5,71,53,74.6%,444,8.4,2,63,3.3,27.8,1
70,Terrance Williams\WillTe01,DAL,28,WR,16,14,78,53,67.9%,568,10.7,0,56,3.3,35.5,0
71,Brandon LaFell\LaFeBr00,CIN,31,WR,16,15,89,52,58.4%,548,10.5,3,45,3.3,34.3,1
72,Mike Wallace\WallMi00,BAL,31,WR,15,14,92,52,56.5%,748,14.4,4,66,3.5,49.9,0
73,Jerick McKinnon\McKiJe00,MIN,25,rb,16,1,68,51,75.0%,421,8.3,2,41,3.2,26.3,3
74,Martavis Bryant\BryaMa00,PIT,26,WR,15,8,84,50,59.5%,603,12.1,3,51,3.3,40.2,0
75,DeSean Jackson\JackDe00,TAM,31,WR,14,13,90,50,55.6%,668,13.4,3,41,3.6,47.7,0
76,Austin Seferian-Jenkins\SefeAu00,NYJ,25,TE,13,10,74,50,67.6%,357,7.1,3,28,3.8,27.5,1
77,Charles Clay\ClayCh00,BUF,28,TE,13,13,74,49,66.2%,558,11.4,2,44,3.8,42.9,1
78,Austin Hooper\HoopAu00,ATL,23,TE,16,8,65,49,75.4%,526,10.7,3,88,3.1,32.9,0
79,Kelvin Benjamin\BenjKe00,2TM,26,,14,14,78,48,61.5%,692,14.4,3,43,3.4,49.4,0
80,Cameron Brate\BratCa00,TAM,26,te,16,6,77,48,62.3%,591,12.3,6,35,3.0,36.9,1
81,Amari Cooper\CoopAm00,OAK,23,WR,14,12,96,48,50.0%,680,14.2,7,87,3.4,48.6,1
82,Emmanuel Sanders\SandEm00,DEN,30,WR,12,11,92,47,51.1%,555,11.8,2,38,3.9,46.3,0
83,Javorius Allen\AlleJa01,BAL,26,,16,0,60,46,76.7%,250,5.4,2,20,2.9,15.6,0
84,Ryan Grant\GranRy01,WAS,27,wr,16,7,65,45,69.2%,573,12.7,4,40,2.8,35.8,0
85,Hunter Henry\HenrHu00,LAC,23,fb/tb/TE,14,13,62,45,72.6%,579,12.9,4,34,3.2,41.4,0
86,Tyler Lockett\LockTy00,SEA,25,WR,16,8,71,45,63.4%,555,12.3,2,74,2.8,34.7,0
87,Paul Richardson\RichPa01,SEA,25,WR,16,13,80,44,55.0%,703,16.0,6,61,2.8,43.9,0
88,Shane Vereen\VereSh00,NYG,28,,16,0,53,44,83.0%,253,5.8,0,20,2.8,15.8,0
89,Giovani Bernard\BernGi00,CIN,26,rb,16,2,60,43,71.7%,389,9.0,2,61,2.7,24.3,0
90,Vernon Davis\DaviVe00,WAS,33,TE/wr,16,16,69,43,62.3%,648,15.1,3,69,2.7,40.5,2
91,Jesse James\JameJe00,PIT,23,TE,16,14,63,43,68.3%,372,8.7,3,32,2.7,23.3,0
92,George Kittle\KittGe00,SFO,24,te,15,7,63,43,68.3%,515,12.0,2,44,2.9,34.3,0
93,Seth Roberts\RobeSe00,OAK,26,wr,15,7,65,43,66.2%,455,10.6,1,29,2.9,30.3,2
94,Trent Taylor\TaylTr02,SFO,23,wr,15,1,60,43,71.7%,430,10.0,2,33,2.9,28.7,1
95,Tyrell Williams\WillTy00,LAC,25,WR,16,15,69,43,62.3%,728,16.9,4,75,2.7,45.5,1
96,Keelan Cole\ColeKe00,JAX,24,wr,16,6,83,42,50.6%,748,17.8,3,75,2.6,46.8,2
97,Tyler Kroft\KrofTy00,CIN,25,TE,16,16,62,42,67.7%,404,9.6,7,59,2.6,25.3,0
98,Albert Wilson\WilsAl02,KAN,25,wr,13,7,62,42,67.7%,554,13.2,3,63,3.2,42.6,0
99,Julius Thomas\ThomJu00,MIA,29,TE,14,13,62,41,66.1%,388,9.5,3,27,2.9,27.7,1
100,Pierre Garcon\GarcPi00,SFO,31,WR,8,8,67,40,59.7%,500,12.5,0,59,5.0,62.5,0
101,Jeremy Maclin\MaclJe00,BAL,29,WR,12,12,72,40,55.6%,440,11.0,3,48,3.3,36.7,0
102,Andre Ellington\ElliAn00,2TM,28,,12,2,59,39,66.1%,369,9.5,0,29,3.3,30.8,0
103,Allen Hurns\HurnAl01,JAX,26,WR,10,8,56,39,69.6%,484,12.4,2,50,3.9,48.4,0
104,DeMarco Murray\MurrDe00,TEN,29,RB,15,15,47,39,83.0%,266,6.8,1,18,2.6,17.7,1
105,Chris Thompson\ThomCh03,WAS,27,rb,10,1,54,39,72.2%,510,13.1,4,74,3.9,51.0,3
106,Sammy Watkins\WatkSa00,LAR,24,WR,15,14,70,39,55.7%,593,15.2,8,67,2.6,39.5,0
107,Deonte Thompson\ThomDe04,2TM,28,,16,10,69,38,55.1%,555,14.6,2,46,2.4,34.7,1
108,Matt Forte\FortMa00,NYJ,32,rb,12,4,45,37,82.2%,293,7.9,1,34,3.1,24.4,1
109,Cole Beasley\BeasCo00,DAL,28,wr,15,4,63,36,57.1%,314,8.7,4,54,2.4,20.9,0
110,Leonard Fournette\FourLe00,JAX,22,RB,13,13,48,36,75.0%,302,8.4,1,28,2.8,23.2,2
111,Devonta Freeman\FreeDe00,ATL,25,RB,14,14,47,36,76.6%,317,8.8,1,29,2.6,22.6,4
112,Roger Lewis\LewiRo03,NYG,24,WR,15,8,72,36,50.0%,416,11.6,2,34,2.4,27.7,0
113,Lamar Miller\MillLa01,HOU,26,RB,16,13,45,36,80.0%,327,9.1,3,32,2.3,20.4,1
114,Torrey Smith\SmitTo02,PHI,28,WR,16,14,67,36,53.7%,430,11.9,2,59,2.3,26.9,0
115,Josh Doctson\DoctJo00,WAS,25,WR,16,14,78,35,44.9%,502,14.3,6,52,2.2,31.4,0
116,Charles Sims\SimsCh00,TAM,27,,16,0,47,35,74.5%,249,7.1,1,25,2.2,15.6,1
117,Travis Benjamin\BenjTr00,LAC,28,wr,16,3,62,34,54.8%,567,16.7,4,62,2.1,35.4,2
118,Corey Davis\DaviCo03,TEN,22,WR,11,9,65,34,52.3%,375,11.0,0,37,3.1,34.1,1
119,Wayne Gallman\GallWa00,NYG,23,rb,13,1,48,34,70.8%,193,5.7,1,11,2.6,14.8,3
120,Chris Godwin\GodwCh00,TAM,21,wr,16,2,55,34,61.8%,525,15.4,1,70,2.1,32.8,0
121,Chris Hogan\HogaCh00,NWE,29,wr,9,7,59,34,57.6%,439,12.9,5,47,3.8,48.8,0
122,J.D. McKissic\McKiJ.00,SEA,24,rb,13,1,46,34,73.9%,266,7.8,2,27,2.6,20.5,0
123,DeAndre Washington\WashDe00,OAK,24,,15,0,45,34,75.6%,197,5.8,1,15,2.3,13.1,2
124,Seth Devalve\DevaSe00,CLE,24,te,16,4,58,33,56.9%,395,12.0,1,49,2.1,24.7,1
125,Taylor Gabriel\GabrTa00,ATL,26,wr,16,4,51,33,64.7%,378,11.5,1,40,2.1,23.6,0
126,Jermaine Gresham\GresJe00,ARI,29,TE,14,14,46,33,71.7%,322,9.8,2,21,2.4,23.0,0
127,Kyle Juszczyk*\JuszKy00,SFO,26,FB,14,10,42,33,78.6%,315,9.5,1,44,2.4,22.5,2
128,Danny Woodhead\WoodDa02,BAL,32,,8,0,39,33,84.6%,200,6.1,0,22,4.1,25.0,0
129,Kenyan Drake\DrakKe00,MIA,23,rb,16,6,48,32,66.7%,239,7.5,1,47,2.0,14.9,2
130,Dion Lewis\LewiDi00,NWE,27,RB,16,8,35,32,91.4%,214,6.7,3,20,2.0,13.4,0
131,David Njoku\NjokDa00,CLE,21,te,16,5,60,32,53.3%,386,12.1,4,34,2.0,24.1,0
132,Jaron Brown\BrowJa03,ARI,27,WR,16,8,69,31,44.9%,477,15.4,4,52,1.9,29.8,0
133,Cordarrelle Patterson\PattCo00,OAK,26,wr,16,2,42,31,73.8%,309,10.0,0,59,1.9,19.3,3
134,Martellus Bennett\BennMa00,2TM,30,,9,7,44,30,68.2%,286,9.5,0,33,3.3,31.8,0
135,Devontae Booker\BookDe00,DEN,25,,13,0,38,30,78.9%,275,9.2,0,29,2.3,21.2,2
136,Rex Burkhead\BurkRe00,NWE,27,rb,10,3,36,30,83.3%,254,8.5,3,23,3.0,25.4,1
137,Ed Dickson\DickEd00,CAR,30,TE,16,12,48,30,62.5%,437,14.6,1,64,1.9,27.3,0
138,Antonio Gates\GateAn00,LAC,37,te,16,4,52,30,57.7%,316,10.5,3,27,1.9,19.8,0
139,T.J. Jones\JoneT.00,DET,25,wr,14,6,49,30,61.2%,399,13.3,1,34,2.1,28.5,1
140,Joe Mixon\MixoJo00,CIN,21,rb,14,7,34,30,88.2%,287,9.6,0,67,2.1,20.5,3
141,T.J. Yeldon\YeldT.00,JAX,24,,10,0,41,30,73.2%,224,7.5,0,20,3.0,22.4,2
142,Bruce Ellington\ElliBr00,HOU,26,wr,11,6,57,29,50.9%,330,11.4,2,35,2.6,30.0,1
143,Bennie Fowler\FowlBe00,DEN,26,wr,16,4,56,29,51.8%,350,12.1,3,29,1.8,21.9,1
144,Frank Gore\GoreFr00,IND,34,RB,16,16,38,29,76.3%,245,8.4,1,26,1.8,15.3,3
145,JJ Nelson\NelsJJ00,ARI,25,wr,16,5,61,29,47.5%,508,17.5,2,46,1.8,31.8,1
146,C.J. Anderson\AndeC.00,DEN,26,RB,16,16,40,28,70.0%,224,8.0,1,25,1.8,14.0,1
147,Nick Boyle\BoylNi00,BAL,24,TE,15,11,37,28,75.7%,203,7.3,0,16,1.9,13.5,0
148,Isaiah Crowell\CrowIs00,CLE,24,RB,16,16,42,28,66.7%,182,6.5,0,38,1.8,11.4,1
149,Will Fuller\FullWi01,HOU,23,WR,10,10,50,28,56.0%,423,15.1,7,59,2.8,42.3,0
150,Kenny Golladay\GollKe00,DET,24,k/wr,11,5,48,28,58.3%,477,17.0,3,54,2.5,43.4,0
151,Tevin Coleman\ColeTe01,ATL,24,fb/rb,15,3,39,27,69.2%,299,11.1,3,39,1.8,19.9,1
152,Austin Ekeler\EkelAu00,LAC,22,,16,0,35,27,77.1%,279,10.3,3,38,1.7,17.4,2
153,Rashard Higgins\HiggRa00,CLE,23,fb/wr,15,4,50,27,54.0%,312,11.6,2,56,1.8,20.8,1
154,Zay Jones\JoneZa00,BUF,22,WR,15,10,74,27,36.5%,316,11.7,2,33,1.8,21.1,0
155,Ricardo Louis\LouiRi00,CLE,23,WR,16,9,61,27,44.3%,357,13.2,0,37,1.7,22.3,0
156,Jordan Reed\ReedJo02,WAS,27,te,6,5,35,27,77.1%,211,7.8,2,20,4.5,35.2,1
157,Jalen Richard\RichJa01,OAK,24,rb,16,1,36,27,75.0%,256,9.5,1,39,1.7,16.0,8
158,Charcandrick West\WestCh01,KAN,26,,13,0,34,27,79.4%,150,5.6,2,25,2.1,11.5,1
159,Dede Westbrook\WestDe00,JAX,24,wr,7,5,51,27,52.9%,339,12.6,1,29,3.9,48.4,1
160,Ezekiel Elliott\ElliEz00,DAL,22,RB,10,10,38,26,68.4%,269,10.3,2,72,2.6,26.9,1
161,O.J. Howard\HowaO.00,TAM,23,TE,14,14,39,26,66.7%,432,16.6,6,58,1.9,30.9,3
162,Donte Moncrief\MoncDo00,IND,24,WR,12,8,47,26,55.3%,391,15.0,2,60,2.2,32.6,0
163,Ameer Abdullah\AbduAm00,DET,24,RB,14,11,35,25,71.4%,162,6.5,1,22,1.8,11.6,2
164,Stephen Anderson\AndeSt01,HOU,24,te,15,5,52,25,48.1%,342,13.7,1,42,1.7,22.8,0
165,Odell Beckham\BeckOd00,NYG,25,wr,4,2,41,25,61.0%,302,12.1,3,48,6.3,75.5,0
166,Tyler Higbee\HigbTy00,LAR,24,TE,16,16,45,25,55.6%,295,11.8,1,38,1.6,18.4,0
167,Dontrelle Inman\InmaDo00,2TM,28,,12,7,44,25,56.8%,343,13.7,1,26,2.1,28.6,0
168,Jordan Matthews\MattJo00,BUF,25,wr,10,7,36,25,69.4%,282,11.3,1,47,2.5,28.2,1
169,Jamaal Williams\WillJa06,GNB,22,rb,16,7,34,25,73.5%,262,10.5,2,54,1.6,16.4,0
170,Jay Ajayi\AjayJa00,2TM,24,,14,8,34,24,70.6%,158,6.6,1,32,1.7,11.3,3
171,Josh Bellamy\BellJo02,CHI,28,wr,15,7,46,24,52.2%,376,15.7,1,46,1.6,25.1,0
172,Rhett Ellison\ElliRh00,NYG,29,TE,16,14,32,24,75.0%,235,9.8,2,27,1.5,14.7,0
173,Marcedes Lewis\LewiMa00,JAX,33,TE,16,16,48,24,50.0%,318,13.3,5,37,1.5,19.9,0
174,Geronimo Allison\AlliGe01,GNB,23,wr,15,2,39,23,59.0%,253,11.0,0,72,1.5,16.9,2
175,Trey Burton\BurtTr01,PHI,26,te,15,1,31,23,74.2%,248,10.8,5,27,1.5,16.5,0
176,Jamaal Charles\CharJa00,DEN,31,,14,0,28,23,82.1%,129,5.6,0,20,1.6,9.2,2
177,Brandon Coleman\ColeBr00,NOR,25,wr,16,6,37,23,62.2%,364,15.8,3,54,1.4,22.8,2
178,Corey Coleman\ColeCo00,CLE,23,WR,9,8,58,23,39.7%,305,13.3,2,44,2.6,33.9,0
179,Alex Collins\CollAl00,BAL,23,RB,15,12,36,23,63.9%,187,8.1,0,37,1.5,12.5,4
180,Jordan Howard\HowaJo00,CHI,23,RB,16,16,32,23,71.9%,125,5.4,0,12,1.4,7.8,1
181,Ty Montgomery\MontTy01,GNB,24,rb,8,5,31,23,74.2%,173,7.5,1,23,2.9,21.6,0
182,Bilal Powell\PoweBi00,NYJ,29,RB,15,10,33,23,69.7%,170,7.4,0,31,1.5,11.3,1
183,Chester Rogers\RogeCh02,IND,23,wr,11,4,37,23,62.2%,284,12.3,1,61,2.1,25.8,0
184,Tyler Boyd\BoydTy00,CIN,23,wr,10,1,32,22,68.8%,225,10.2,2,49,2.2,22.5,0
185,Coby Fleener\FleeCo00,NOR,29,,11,0,30,22,73.3%,295,13.4,2,33,2.0,26.8,0
186,Jeremy Kerley\KerlJe00,NYJ,29,wr,8,2,27,22,81.5%,217,9.9,1,31,2.8,27.1,3
187,Nick O'Leary\OLeaNi00,BUF,25,te,15,5,32,22,68.8%,322,14.6,2,32,1.5,21.5,1
188,Samaje Perine\PeriSa00,WAS,22,RB,16,8,24,22,91.7%,182,8.3,1,25,1.4,11.4,2
189,Matt Breida\BreiMa00,SFO,22,,16,0,36,21,58.3%,180,8.6,1,32,1.3,11.3,1
190,John Brown\BrowJo02,ARI,27,wr,10,5,55,21,38.2%,299,14.2,3,52,2.1,29.9,0
191,Garrett Celek\CeleGa00,SFO,29,fb/TE,16,13,33,21,63.6%,336,16.0,4,61,1.3,21.0,0
192,A.J. Derby\DerbA.00,2TM,26,,11,1,40,21,52.5%,244,11.6,2,29,1.9,22.2,1
193,Chris Ivory\IvorCh00,JAX,29,rb,14,3,28,21,75.0%,175,8.3,1,29,1.5,12.5,2
194,Marlon Mack\MackMa00,IND,21,,14,0,33,21,63.6%,225,10.7,1,34,1.5,16.1,1
195,Demarcus Robinson\RobiDe01,KAN,23,WR,16,8,39,21,53.8%,212,10.1,0,33,1.3,13.3,0
196,Kenny Britt\BritKe00,2TM,29,,12,4,43,20,46.5%,256,12.8,2,38,1.7,21.3,0
197,Benny Cunningham\CunnBe01,CHI,27,,14,0,26,20,76.9%,240,12.0,2,40,1.4,17.1,1
198,Justin Hardy\HardJu00,ATL,26,wr,16,1,29,20,69.0%,221,11.1,3,27,1.3,13.8,1
199,Marshawn Lynch\LyncMa00,OAK,31,RB,15,15,31,20,64.5%,151,7.6,0,26,1.3,10.1,1
200,Zach Miller\MillZa02,CHI,33,te,8,6,35,20,57.1%,236,11.8,2,29,2.5,29.5,0
201,Terrelle Pryor\PryoTe00,WAS,28,wr,9,2,37,20,54.1%,240,12.0,1,44,2.2,26.7,0
202,Laquon Treadwell\TreaLa00,MIN,22,wr,16,7,35,20,57.1%,200,10.0,0,25,1.3,12.5,1
203,Damien Williams\WillDa05,MIA,25,rb,11,4,28,20,71.4%,155,7.8,1,24,1.8,14.1,0
204,Michael Campanaro\CampMi02,BAL,26,,13,0,27,19,70.4%,173,9.1,1,18,1.5,13.3,4
205,Orleans Darkwa\DarkOr00,NYG,25,RB,15,11,28,19,67.9%,116,6.1,0,13,1.3,7.7,1
206,Cody Latimer\LatiCo00,DEN,25,wr,11,1,31,19,61.3%,287,15.1,2,32,1.7,26.1,1
207,Braxton Miller\MillBr03,HOU,25,wr,11,3,29,19,65.5%,162,8.5,1,57,1.7,14.7,0
208,Aldrick Robinson\RobiAl00,SFO,29,wr,16,1,48,19,39.6%,260,13.7,2,45,1.2,16.3,0
209,Rod Smith\SmitRo06,DAL,25,rb,15,1,23,19,82.6%,202,10.6,1,81,1.3,13.5,0
210,Josh Gordon\GordJo02,CLE,26,wr,5,5,42,18,42.9%,335,18.6,1,54,3.6,67.0,0
211,Demetrius Harris\HarrDe03,KAN,26,te,16,7,35,18,51.4%,224,12.4,1,51,1.1,14.0,0
212,Lance Kendricks\KendLa00,GNB,29,TE,16,9,35,18,51.4%,203,11.3,1,51,1.1,12.7,0
213,Tavarres King\KingTa00,NYG,27,wr,8,3,37,18,48.6%,240,13.3,3,57,2.3,30.0,0
214,Brandon Marshall\MarsBr00,NYG,33,wr,5,5,33,18,54.5%,154,8.6,0,18,3.6,30.8,0
215,Chris Moore\MoorCh00,BAL,24,wr,13,4,38,18,47.4%,248,13.8,3,30,1.4,19.1,0
216,Eli Rogers\RogeEl00,PIT,25,wr,14,4,36,18,50.0%,149,8.3,1,18,1.3,10.6,1
217,Jonnu Smith\SmitJo01,TEN,22,TE/wr,16,13,30,18,60.0%,157,8.7,2,32,1.1,9.8,0
218,Jarius Wright\WrigJa02,MIN,28,,16,0,25,18,72.0%,198,11.0,2,30,1.1,12.4,0
219,Darren Fells\FellDa01,DET,31,TE,16,13,26,17,65.4%,177,10.4,3,23,1.1,11.1,0
220,D.J. Foster\FostD.01,ARI,24,,7,0,28,17,60.7%,133,7.8,0,20,2.4,19.0,0
221,Elijah McGuire\McGuEl00,NYJ,23,rb,16,2,26,17,65.4%,177,10.4,1,38,1.1,11.1,2
222,Greg Olsen\OlseGr00,CAR,32,te,7,7,38,17,44.7%,191,11.2,1,30,2.4,27.3,0
223,Russell Shepard\ShepRu00,CAR,27,wr,15,3,32,17,53.1%,202,11.9,1,40,1.1,13.5,1
224,Peyton Barber\BarbPe01,TAM,23,rb,16,4,19,16,84.2%,114,7.1,0,34,1.0,7.1,2
225,Kendrick Bourne\BourKe00,SFO,22,,11,0,34,16,47.1%,257,16.1,0,54,1.5,23.4,0
226,Travaris Cadet\CadeTr00,2TM,28,,9,0,19,16,84.2%,119,7.4,0,16,1.8,13.2,0
227,Gerald Everett\EverGe00,LAR,23,te,16,2,32,16,50.0%,244,15.3,2,69,1.0,15.3,1
228,Josh Hill\HillJo02,NOR,27,TE,16,11,22,16,72.7%,125,7.8,1,22,1.0,7.8,2
229,Mack Hollins\HollMa00,PHI,24,,16,0,22,16,72.7%,226,14.1,1,64,1.0,14.1,0
230,Taywan Taylor\TaylTa00,TEN,22,wr,16,4,28,16,57.1%,231,14.4,1,53,1.0,14.4,0
231,Kamar Aiken\AikeKa00,IND,28,wr,15,7,44,15,34.1%,133,8.9,0,21,1.0,8.9,0
232,Brice Butler\ButlBr00,DAL,27,,13,0,23,15,65.2%,317,21.1,3,53,1.2,24.4,0
233,Mike Davis\DaviMi01,SEA,24,rb,6,6,18,15,83.3%,131,8.7,0,23,2.5,21.8,0
234,Latavius Murray\MurrLa00,MIN,27,RB,16,11,17,15,88.2%,103,6.9,0,28,0.9,6.4,1
235,Curtis Samuel\SamuCu00,CAR,21,rb/wr,9,4,26,15,57.7%,115,7.7,0,23,1.7,12.8,0
236,Dion Sims\SimsDi00,CHI,26,TE,14,14,29,15,51.7%,180,12.0,1,27,1.1,12.9,0
237,Maxx Williams\WillMa04,BAL,23,te/wr,11,8,18,15,83.3%,86,5.7,1,17,1.4,7.8,1
238,Luke Willson\WillLu00,SEA,27,te,16,7,22,15,68.2%,153,10.2,4,27,0.9,9.6,0
239,Kapri Bibbs\BibbKa00,WAS,24,,3,0,17,14,82.4%,128,9.1,1,36,4.7,42.7,0
240,C.J. Fiedorowicz\FiedC.00,HOU,26,te,5,5,22,14,63.6%,127,9.1,0,15,2.8,25.4,0
241,Virgil Green\GreeVi00,DEN,29,TE,16,16,22,14,63.6%,191,13.6,1,44,0.9,11.9,0
242,Vance McDonald\McDoVa00,PIT,27,te,10,7,24,14,58.3%,188,13.4,1,28,1.4,18.8,0
243,James O'Shaughnessy\O'ShJa00,JAX,25,te,16,1,24,14,58.3%,149,10.6,1,29,0.9,9.3,0
244,De'Anthony Thomas\ThomDe05,KAN,24,wr,16,2,16,14,87.5%,143,10.2,2,57,0.9,8.9,1
245,Mike Tolbert\TolbMi00,BUF,32,,12,0,17,14,82.4%,78,5.6,0,12,1.2,6.5,2
246,Tavon Austin\AustTa00,LAR,27,WR,16,9,22,13,59.1%,47,3.6,0,13,0.8,2.9,5
247,Daniel Brown\BrowDa04,CHI,25,te,14,2,20,13,65.0%,129,9.9,0,17,0.9,9.2,0
248,Brent Celek\CeleBr00,PHI,32,TE,16,10,24,13,54.2%,130,10.0,1,28,0.8,8.1,0
249,Jakeem Grant\GranJa00,MIA,25,,16,0,22,13,59.1%,203,15.6,2,65,0.8,12.7,2
250,Ryan Griffin\GrifRy00,HOU,27,te,7,6,26,13,50.0%,158,12.2,1,35,1.9,22.6,0
251,Andre Holmes\HolmAn00,BUF,29,wr,14,2,22,13,59.1%,120,9.2,3,36,0.9,8.6,0
252,Niles Paul\PaulNi00,WAS,28,te/wr,14,8,19,13,68.4%,94,7.2,0,32,0.9,6.7,0
253,Wendell Smallwood\SmalWe00,PHI,23,rb,8,3,18,13,72.2%,103,7.9,0,24,1.6,12.9,0
254,Jordan Taylor\TaylJo01,DEN,25,wr,10,2,20,13,65.0%,142,10.9,0,30,1.3,14.2,1
255,Brandon Williams\WillBr04,IND,30,TE/wr,14,10,17,13,76.5%,121,9.3,0,32,0.9,8.6,0
256,Phillip Dorsett\DorsPh00,NWE,24,wr,15,2,18,12,66.7%,194,16.2,0,39,0.8,12.9,0
257,Alex Erickson\EricAl01,CIN,25,,16,0,16,12,75.0%,180,15.0,1,37,0.8,11.3,6
258,Anthony Fasano\FasaAn00,MIA,33,te,16,6,16,12,75.0%,107,8.9,1,29,0.8,6.7,1
259,Richard Rodgers\RodgRi00,GNB,25,te,15,1,19,12,63.2%,160,13.3,1,36,0.8,10.7,0
260,Ricky Seals-Jones\SealRi00,ARI,22,te,10,1,28,12,42.9%,201,16.8,3,29,1.2,20.1,0
261,Adam Shaheen\ShahAd00,CHI,23,te,13,7,14,12,85.7%,127,10.6,3,31,0.9,9.8,0
262,Levine Toilolo\ToilLe00,ATL,26,TE,15,12,14,12,85.7%,122,10.2,1,25,0.8,8.1,0
263,Nick Vannett\VannNi00,SEA,24,te,15,4,15,12,80.0%,124,10.3,1,21,0.8,8.3,0
264,Chris Conley\ConlCh00,KAN,25,wr,5,5,16,11,68.8%,175,15.9,0,35,2.2,35.0,0
265,Dalvin Cook\CookDa01,MIN,22,rb,4,4,16,11,68.8%,90,8.2,0,36,2.8,22.5,1
266,Pharoh Cooper*+\CoopPh00,LAR,22,wr,16,1,19,11,57.9%,84,7.6,0,26,0.7,5.3,3
267,Derrick Henry\HenrDe00,TEN,23,rb,16,2,17,11,64.7%,136,12.4,1,66,0.7,8.5,1
268,Troy Niklas\NiklTr00,ARI,25,TE/wr,15,11,23,11,47.8%,132,12.0,1,21,0.7,8.8,0
269,Adrian Peterson\PeteAd01,2TM,32,,10,7,19,11,57.9%,70,6.4,0,13,1.1,7.0,3
270,Josh Reynolds\ReynJo00,LAR,22,wr,16,1,24,11,45.8%,104,9.5,1,28,0.7,6.5,0
271,Mike Williams\WillMi07,LAC,23,wr,10,1,23,11,47.8%,95,8.6,0,20,1.1,9.5,0
272,Dwayne Allen\AlleDw00,NWE,27,p/TE,16,8,22,10,45.5%,86,8.6,1,22,0.6,5.4,0
273,Damiere Byrd\ByrdDa00,CAR,24,wr,8,3,17,10,58.8%,105,10.5,2,31,1.3,13.1,0
274,Corey Clement\ClemCo00,PHI,23,,16,0,15,10,66.7%,123,12.3,2,28,0.6,7.7,0
275,Michael Floyd\FloyMi00,MIN,28,wr,11,1,17,10,58.8%,78,7.8,0,19,0.9,7.1,0
276,Tommylee Lewis\LewiTo00,NOR,25,,15,0,14,10,71.4%,116,11.6,1,52,0.7,7.7,1
277,David Morgan\MorgDa01,MIN,24,te,15,6,12,10,83.3%,95,9.5,1,23,0.7,6.3,0
278,Breshad Perriman\PerrBr02,BAL,24,wr,11,3,35,10,28.6%,77,7.7,0,14,0.9,7.0,0
279,C.J. Uzomah\UzomC.00,CIN,24,te,14,4,15,10,66.7%,92,9.2,1,21,0.7,6.6,0
280,Kerwynn Williams\WillKe05,ARI,26,rb,16,6,15,10,66.7%,93,9.3,0,25,0.6,5.8,0
281,Malcolm Brown\BrowMa03,LAR,24,rb,11,1,11,9,81.8%,53,5.9,0,16,0.8,4.8,1
282,Chad Hansen\HansCh00,NYJ,22,wr,15,1,17,9,52.9%,94,10.4,0,24,0.6,6.3,0
283,Jeff Heuerman\HeueJe00,DEN,25,te,14,6,21,9,42.9%,142,15.8,2,54,0.6,10.1,0
284,Johnny Holton\HoltJo00,OAK,26,wr,16,1,18,9,50.0%,218,24.2,3,64,0.6,13.6,3
285,Aaron Jones\JoneAa00,GNB,23,rb,12,4,18,9,50.0%,22,2.4,0,9,0.8,1.8,0
286,Doug Martin\MartDo00,TAM,28,RB,11,8,18,9,50.0%,84,9.3,0,17,0.8,7.6,1
287,Thomas Rawls\RawlTh00,SEA,24,rb,12,3,13,9,69.2%,94,10.4,0,22,0.8,7.8,1
288,Jacquizz Rodgers\RodgJa00,TAM,27,rb,16,4,11,9,81.8%,74,8.2,0,15,0.6,4.6,0
289,Robert Turbin\TurbRo00,IND,28,rb,6,1,11,9,81.8%,56,6.2,0,16,1.5,9.3,0
290,Clive Walford\WalfCl00,OAK,26,,13,0,13,9,69.2%,80,8.9,0,26,0.7,6.2,0
291,Kasen Williams\WillKa02,CLE,25,wr,7,2,18,9,50.0%,84,9.3,0,14,1.3,12.0,0
292,Jerell Adams\AdamJe01,NYG,25,wr,16,1,11,8,72.7%,92,11.5,0,38,0.5,5.8,0
293,Brenton Bersin\BersBr00,CAR,27,wr,8,1,14,8,57.1%,128,16.0,0,27,1.0,16.0,0
294,LeGarrette Blount\BlouLe00,PHI,31,RB,16,11,8,8,100.0%,50,6.3,1,20,0.5,3.1,1
295,Derek Carrier\CarrDe00,LAR,27,te/wr,14,3,11,8,72.7%,71,8.9,0,17,0.6,5.1,0
296,Amara Darboh\DarbAm00,SEA,23,,16,0,13,8,61.5%,71,8.9,0,16,0.5,4.4,0
297,Tyler Ervin\ErviTy00,HOU,24,,4,0,11,8,72.7%,38,4.8,0,7,2.0,9.5,0
298,Tre McBride\McBrTr00,CHI,25,wr,8,3,15,8,53.3%,144,18.0,0,45,1.0,18.0,0
299,Louis Murphy\MurpLo00,SFO,30,wr,7,7,17,8,47.1%,121,15.1,1,40,1.1,17.3,0
300,Paul Perkins\PerkPa00,NYG,23,rb,11,4,10,8,80.0%,46,5.8,0,11,0.7,4.2,0
301,Travis Rudolph\RudoTr00,NYG,22,wr,7,1,21,8,38.1%,101,12.6,0,29,1.1,14.4,0
302,Lee Smith\SmitLe00,OAK,30,TE/wr,16,9,11,8,72.7%,76,9.5,0,21,0.5,4.8,0
303,Willie Snead\SneaWi00,NOR,25,wr,11,7,16,8,50.0%,92,11.5,0,26,0.7,8.4,1
304,Jonathan Stewart\StewJo00,CAR,30,RB,15,10,15,8,53.3%,52,6.5,1,21,0.5,3.5,3
305,Eric Tomlinson\TomlEr01,NYJ,25,TE/wr,14,12,11,8,72.7%,121,15.1,1,34,0.6,8.6,0
306,Austin Traylor\TrayAu00,DEN,24,te,7,3,13,8,61.5%,100,12.5,0,34,1.1,14.3,0
307,Alfred Blue\BlueAl00,HOU,26,,11,0,9,7,77.8%,54,7.7,0,14,0.6,4.9,0
308,Leonte Carroo\CarrLe00,MIA,23,,14,0,12,7,58.3%,69,9.9,0,21,0.5,4.9,0
309,Chris Carson\CarsCh00,SEA,23,rb,4,3,8,7,87.5%,59,8.4,1,10,1.8,14.8,0
310,Patrick DiMarco\DiMaPa00,BUF,28,FB/rb,16,9,10,7,70.0%,28,4.0,0,9,0.4,1.8,0
311,C.J. Ham\HamxC.00,MIN,24,fb,16,1,8,7,87.5%,68,9.7,0,12,0.4,4.3,0
312,Alfred Morris\MorrAl00,DAL,29,rb,14,5,9,7,77.8%,45,6.4,0,13,0.5,3.2,0
313,Aaron Ripkowski\RipkAa00,GNB,25,fb,16,2,10,7,70.0%,39,5.6,0,12,0.4,2.4,0
314,Darren Sproles\SproDa00,PHI,34,,3,0,12,7,58.3%,73,10.4,0,16,2.3,24.3,1
315,Logan Thomas\ThomLo00,BUF,26,te,12,2,9,7,77.8%,67,9.6,1,22,0.6,5.6,0
316,Ross Travis\TravRo00,2TM,24,,15,3,17,7,41.2%,76,10.9,0,20,0.5,5.1,1
317,Tommy Bohanon\BohaTo00,JAX,27,FB,16,10,11,6,54.5%,43,7.2,1,14,0.4,2.7,0
318,Kaelin Clay\ClayKa00,2TM,25,,13,2,19,6,31.6%,85,14.2,0,28,0.5,6.5,3
319,Sammie Coates\CoatSa00,CLE,24,wr,12,1,11,6,54.5%,70,11.7,0,38,0.5,5.8,0
320,James Develin*\DeveJa00,NWE,29,fb/rb/te,16,7,10,6,60.0%,38,6.3,0,10,0.4,2.4,0
321,D'Onta Foreman\ForeDO00,HOU,21,rb,10,1,8,6,75.0%,83,13.8,0,34,0.6,8.3,2
322,Michael Hoomanawanui\HoomMi00,NOR,29,TE,14,10,10,6,60.0%,52,8.7,1,25,0.4,3.7,0
323,David Johnson\JohnDa08,ARI,26,rb,1,1,9,6,66.7%,67,11.2,0,24,6.0,67.0,2
324,Eddie Lacy\LacyEd00,SEA,27,rb,9,3,6,6,100.0%,47,7.8,0,14,0.7,5.2,0
325,Josh Malone\MaloJo00,CIN,21,wr,11,7,17,6,35.3%,63,10.5,1,25,0.5,5.7,0
326,Byron Marshall\MarsBy01,WAS,23,,4,0,8,6,75.0%,36,6.0,0,12,1.5,9.0,0
327,Jaydon Mickens\MickJa01,JAX,23,,10,0,11,6,54.5%,77,12.8,2,41,0.6,7.7,4
328,Jamize Olawale\OlawJa00,OAK,28,,12,0,7,6,85.7%,33,5.5,0,9,0.5,2.8,1
329,Branden Oliver\OlivBr01,LAC,26,,8,0,11,6,54.5%,26,4.3,0,11,0.8,3.3,0
330,C.J. Prosise\ProsC.00,SEA,23,,5,0,11,6,54.5%,87,14.5,0,46,1.2,17.4,0
331,Brian Quick\QuicBr00,WAS,28,wr,11,1,8,6,75.0%,76,12.7,0,31,0.5,6.9,0
332,Anthony Sherman\SherAn00,KAN,29,fb,16,3,8,6,75.0%,47,7.8,0,11,0.4,2.9,0
333,Neal Sterling\SterNe00,NYJ,25,fb,11,1,10,6,60.0%,82,13.7,0,35,0.5,7.5,0
334,ArDarius Stewart\StewAr00,NYJ,24,wr,15,2,13,6,46.2%,82,13.7,0,46,0.4,5.5,0
335,Ryan Switzer\SwitRy00,DAL,23,,16,0,7,6,85.7%,41,6.8,0,12,0.4,2.6,1
336,Brandon Tate\TateBr00,BUF,30,wr,13,1,14,6,42.9%,81,13.5,1,24,0.5,6.2,1
337,Lawrence Thomas\ThomLa04,NYJ,24,fb/rb,14,4,7,6,85.7%,43,7.2,0,15,0.4,3.1,0
338,Kenjon Barner\BarnKe00,PHI,27,rb,13,1,8,5,62.5%,56,11.2,0,22,0.4,4.3,3
339,Alan Cross\CrosAl00,TAM,24,fb/te,8,4,6,5,83.3%,58,11.6,0,23,0.6,7.3,0
340,Trevor Davis\DaviTr03,GNB,24,,16,0,7,5,71.4%,70,14.0,0,29,0.3,4.4,0
341,Brittan Golden\GoldBr00,ARI,29,,13,0,9,5,55.6%,70,14.0,0,29,0.4,5.4,0
342,Xavier Grimble\GrimXa00,PIT,25,te/wr,15,2,9,5,55.6%,32,6.4,1,12,0.3,2.1,0
343,Chris Johnson\JohnCh04,ARI,32,rb,4,3,6,5,83.3%,43,8.6,0,15,1.3,10.8,0
344,Marcus Johnson\JohnMa07,PHI,23,,10,0,8,5,62.5%,45,9.0,0,16,0.5,4.5,1
345,Ben Koyack\KoyaBe00,JAX,24,te,16,3,7,5,71.4%,38,7.6,0,21,0.3,2.4,0
346,Freddie Martino\MartFr00,TAM,26,,8,0,6,5,83.3%,96,19.2,0,39,0.6,12.0,0
347,Tanner McEvoy\McEvTa01,SEA,24,,15,0,9,5,55.6%,113,22.6,0,53,0.3,7.5,1
348,Bobby Rainey\RainBo00,BAL,30,,4,0,7,5,71.4%,18,3.6,0,12,1.3,4.5,0
349,Hunter Sharp\SharHu01,2TM,23,,3,1,9,5,55.6%,54,10.8,1,21,1.7,18.0,0
350,Keith Smith\SmitKe03,DAL,25,fb,16,3,5,5,100.0%,26,5.2,0,12,0.3,1.6,0
351,Mike Thomas\ThomMi04,LAR,23,wr,8,1,7,5,71.4%,93,18.6,0,50,0.6,11.6,1
352,Chris Thompson\ThomCh05,HOU,23,,13,0,6,5,83.3%,84,16.8,0,32,0.4,6.5,3
353,Bryce Treggs\TregBr00,CLE,23,wr,6,1,18,5,27.8%,79,15.8,0,20,0.8,13.2,1
354,Fozzy Whittaker\WhitFo00,CAR,28,,12,0,6,5,83.3%,47,9.4,1,28,0.4,3.9,0
355,Noah Brown\BrowNo00,DAL,21,wr,13,1,9,4,44.4%,33,8.3,0,14,0.3,2.5,0
356,Michael Clark\ClarMi00,GNB,22,,2,0,14,4,28.6%,41,10.3,0,19,2.0,20.5,0
357,Matthew Dayes\DayeMa00,CLE,23,,16,0,5,4,80.0%,29,7.3,0,15,0.3,1.8,0
358,Tyler Eifert\EifeTy00,CIN,27,,2,0,5,4,80.0%,46,11.5,0,22,2.0,23.0,0
359,James Hanna\HannJa00,DAL,28,TE,16,8,9,4,44.4%,88,22.0,1,31,0.3,5.5,0
360,Maurice Harris\HarrMa05,WAS,25,,6,0,6,4,66.7%,62,15.5,1,36,0.7,10.3,0
361,Jeremy Hill\HillJe01,CIN,25,rb,7,7,4,4,100.0%,16,4.0,0,10,0.6,2.3,1
362,Jacob Hollister\HollJa03,NWE,24,te,15,1,11,4,36.4%,42,10.5,0,19,0.3,2.8,0
363,Akeem Hunt\HuntAk01,KAN,24,,15,0,7,4,57.1%,31,7.8,0,20,0.3,2.1,0
364,Justin Hunter\HuntJu00,PIT,26,wr,7,1,10,4,40.0%,23,5.8,1,7,0.6,3.3,0
365,Andy Janovich\JanoAn00,DEN,24,fb,16,4,6,4,66.7%,35,8.8,0,16,0.3,2.2,0
366,Robert Kelley\KellRo00,WAS,25,rb,7,7,7,4,57.1%,18,4.5,0,9,0.6,2.6,0
367,Sean McGrath\McGrSe00,LAC,30,te,15,6,4,4,100.0%,46,11.5,0,23,0.3,3.1,0
368,Isaiah McKenzie\McKeIs00,DEN,22,,11,0,13,4,30.8%,29,7.3,0,14,0.4,2.6,6
369,Elijhaa Penny\PennEl00,ARI,24,,16,0,6,4,66.7%,38,9.5,0,18,0.3,2.4,0
370,Jay Prosch\ProsJa00,HOU,25,fb,16,5,4,4,100.0%,31,7.8,0,18,0.3,1.9,0
371,Patrick Ricard\RicaPa00,BAL,23,,16,0,4,4,100.0%,12,3.0,2,6,0.3,0.8,0
372,Michael Roberts\RobeMi01,DET,23,te,15,3,7,4,57.1%,46,11.5,0,23,0.3,3.1,0
373,Luke Stocker\StocLu00,2TM,29,,12,5,5,4,80.0%,30,7.5,1,12,0.3,2.5,0
374,Phillip Supernaw\SupePh00,TEN,27,te,16,3,6,4,66.7%,39,9.8,1,20,0.3,2.4,0
375,Will Tye\TyexWi00,NYJ,26,te,3,1,6,4,66.7%,38,9.5,0,21,1.3,12.7,0
376,Griff Whalen\WhalGr00,BAL,27,,2,0,6,4,66.7%,23,5.8,0,9,2.0,11.5,0
377,Jared Abbrederis\AbbrJa00,DET,27,,7,0,7,3,42.9%,44,14.7,0,25,0.4,6.3,0
378,Blake Bell\BellBl00,MIN,26,te,13,3,4,3,75.0%,19,6.3,0,12,0.2,1.5,0
379,Quan Bray\BrayQu00,IND,24,,9,0,4,3,75.0%,39,13.0,0,22,0.3,4.3,1
380,Darrell Daniels\DaniDa02,IND,23,te,12,3,13,3,23.1%,26,8.7,0,13,0.3,2.2,0
381,Josh Ferguson\FergJo02,IND,24,,10,0,4,3,75.0%,16,5.3,0,8,0.3,1.6,0
382,Tanner Gentry\GentTa00,CHI,23,wr,4,3,6,3,50.0%,35,11.7,0,15,0.8,8.8,0
383,Corey Grant\GranCo00,JAX,26,,16,0,4,3,75.0%,41,13.7,0,28,0.2,2.6,1
384,Chris Matthews\MattCh00,BAL,28,,6,0,6,3,50.0%,25,8.3,0,12,0.5,4.2,0
385,Devante Mays\MaysDe00,GNB,23,,8,0,3,3,100.0%,0,0.0,0,1,0.4,0.0,2
386,De'Veon Smith\SmitDe06,MIA,23,,5,0,3,3,100.0%,27,9.0,0,13,0.6,5.4,0
387,Jaelen Strong\StroJa01,2TM,23,,2,0,4,3,75.0%,38,12.7,1,19,1.5,19.0,0
388,Randall Telfer\TelfRa00,CLE,25,TE,16,14,4,3,75.0%,36,12.0,0,20,0.2,2.3,0
389,Dan Vitale\VitaDa00,CLE,24,fb,15,6,5,3,60.0%,19,6.3,0,11,0.2,1.3,0
390,Terron Ward\WardTe00,ATL,25,,14,0,3,3,100.0%,14,4.7,0,11,0.2,1.0,1
391,Markus Wheaton\WheaMa00,CHI,26,,11,0,17,3,17.6%,51,17.0,0,22,0.3,4.6,0
392,Chad Williams\WillCh05,ARI,23,wr,6,1,7,3,42.9%,31,10.3,0,15,0.5,5.2,0
393,Nick Williams\WillNi02,ATL,27,,1,0,4,3,75.0%,30,10.0,0,14,3.0,30.0,0
394,Jamal Agnew+\AgneJa00,DET,22,,13,0,2,2,100.0%,18,9.0,0,12,0.2,1.4,3
395,Antony Auclair\AuclAn00,TAM,24,te/wr,8,3,2,2,100.0%,25,12.5,0,14,0.3,3.1,0
396,Michael Burton\BurtMi00,CHI,25,fb,16,3,4,2,50.0%,8,4.0,0,8,0.1,0.5,0
397,Emanuel Byrd\ByrdEm00,GNB,23,,1,0,2,2,100.0%,31,15.5,0,29,2.0,31.0,0
398,Orson Charles\CharOr00,KAN,26,,5,0,2,2,100.0%,53,26.5,0,35,0.4,10.6,0
399,Jehu Chesson\ChesJe00,KAN,24,wr,12,1,4,2,50.0%,18,9.0,0,10,0.2,1.5,0
400,Derrick Coleman\ColeDe00,ATL,27,fb,16,7,7,2,28.6%,20,10.0,0,11,0.1,1.3,0
401,Jeff Cumberland\CumbJe00,LAC,30,te,7,3,3,2,66.7%,2,1.0,0,2,0.3,0.3,0
402,Shelton Gibson\GibsSh00,PHI,22,,5,0,3,2,66.7%,11,5.5,0,6,0.4,2.2,0
403,Tion Green\GreeTi00,DET,24,,5,0,2,2,100.0%,14,7.0,0,9,0.4,2.8,0
404,Marvin Hall\HallMa02,ATL,24,,8,0,9,2,22.2%,60,30.0,1,40,0.3,7.5,0
405,De'Angelo Henderson\HendDe01,DEN,25,,5,0,2,2,100.0%,36,18.0,1,29,0.4,7.2,0
406,Ryan Hewitt\HewiRy00,CIN,26,rb,13,4,2,2,100.0%,22,11.0,0,16,0.2,1.7,0
407,Darrius Heyward-Bey\HeywDa00,PIT,30,,16,0,3,2,66.7%,47,23.5,0,44,0.1,2.9,0
408,Cole Hikutini\HikuCo00,SFO,23,,4,0,3,2,66.7%,15,7.5,0,10,0.5,3.8,0
409,Brian Hill\HillBr02,2TM,22,,7,0,2,2,100.0%,36,18.0,0,34,0.3,5.1,0
410,Jeff Janis\JaniJe00,GNB,26,,16,0,5,2,40.0%,12,6.0,0,12,0.1,0.8,0
411,Zach Line\LineZa01,NOR,27,fb,12,4,5,2,40.0%,8,4.0,1,5,0.2,0.7,0
412,Tre Madden\MaddTr01,SEA,24,fb,8,3,2,2,100.0%,65,32.5,0,66,0.3,8.1,0
413,Chris Manhertz\ManhCh00,CAR,25,te,16,4,4,2,50.0%,17,8.5,0,11,0.1,1.1,0
414,Marcus Murphy\MurpMa03,BUF,26,,1,0,2,2,100.0%,7,3.5,0,5,2.0,7.0,0
415,Jojo Natson\NatsJo00,NYJ,23,,7,0,5,2,40.0%,18,9.0,0,19,0.3,2.6,1
416,Roosevelt Nix*\NixxRo01,PIT,25,fb/rb,16,4,3,2,66.7%,6,3.0,1,5,0.1,0.4,0
417,Darius Powe\PoweDa02,NYG,23,wr,1,1,4,2,50.0%,13,6.5,0,8,2.0,13.0,0
418,Bernard Reedy\ReedBe01,2TM,26,,11,0,2,2,100.0%,21,10.5,0,15,0.2,1.9,1
419,Jeremy Sprinkle\SpriJe00,WAS,23,te/wr,11,5,3,2,66.7%,13,6.5,1,7,0.2,1.2,0
420,Geoff Swaim\SwaiGe00,DAL,24,te,15,2,2,2,100.0%,25,12.5,0,18,0.1,1.7,0
421,Fitzgerald Toussaint\TousFi00,PIT,27,,6,0,3,2,66.7%,9,4.5,0,7,0.3,1.5,0
422,Dwayne Washington\WashDw00,DET,23,,5,0,2,2,100.0%,14,7.0,0,10,0.4,2.8,0
423,Derek Watt\WattDe00,LAC,25,fb,16,4,3,2,66.7%,35,17.5,0,23,0.1,2.2,0
424,Terrance West\WestTe00,BAL,26,rb,5,4,4,2,50.0%,23,11.5,0,15,0.4,4.6,1
425,Kevin White\WhitKe00,CHI,25,wr,1,1,4,2,50.0%,6,3.0,0,6,2.0,6.0,0
426,Cameron Artis-Payne\ArtiCa00,CAR,27,,13,0,1,1,100.0%,2,2.0,0,2,0.1,0.2,0
427,Nick Bellore\BellNi01,DET,28,mlb,13,2,1,1,100.0%,1,1.0,1,1,0.1,0.1,0
428,Arrelious Benn\BennAr00,JAX,29,,9,0,2,1,50.0%,12,12.0,0,12,0.1,1.3,0
429,Brandon Bolden\BoldBr00,NWE,27,,16,0,4,1,25.0%,7,7.0,0,7,0.1,0.4,0
430,Mack Brown\BrowMa02,2TM,26,,4,0,1,1,100.0%,11,11.0,0,11,0.3,2.8,0
431,Harry Douglas\DougHa00,TEN,33,,2,0,3,1,33.3%,8,8.0,0,8,0.5,4.0,0
432,Lance Dunbar\DunbLa00,LAR,27,,4,0,3,1,33.3%,1,1.0,0,1,0.3,0.3,0
433,Jimmy Garoppolo\GaroJi00,SFO,26,qb,6,5,1,1,100.0%,-6,-6.0,0,-6,0.2,-1.0,1
434,Mike Gillislee\GillMi00,NWE,27,rb,9,2,1,1,100.0%,15,15.0,0,15,0.1,1.7,1
435,MarQueis Gray\GrayMa00,MIA,28,,16,0,3,1,33.3%,10,10.0,0,10,0.1,0.6,0
436,Garrett Griffin\GrifGa00,NOR,23,,3,0,1,1,100.0%,4,4.0,0,4,0.3,1.3,0
437,Cobi Hamilton\HamiCo00,HOU,27,wr,3,1,6,1,16.7%,8,8.0,0,8,0.3,2.7,0
438,Matt Hazel\HazeMa01,IND,25,,4,0,1,1,100.0%,1,1.0,0,1,0.3,0.3,0
439,Brett Hundley\HundBr00,GNB,24,QB,11,9,1,1,100.0%,10,10.0,0,10,0.1,0.9,4
440,Taiwan Jones\JoneTa00,BUF,29,,8,0,2,1,50.0%,11,11.0,0,11,0.1,1.4,0
441,Joe Kerridge\KerrJo00,GNB,25,,4,0,1,1,100.0%,3,3.0,0,3,0.3,0.8,0
442,Jordan Leslie\LeslJo00,CLE,26,,2,0,1,1,100.0%,26,26.0,0,26,0.5,13.0,0
443,Ryan Malleck\MallRy02,HOU,24,,2,0,1,1,100.0%,3,3.0,0,3,0.5,1.5,0
444,Max McCaffrey\McCaMa01,JAX,23,,5,0,1,1,100.0%,4,4.0,0,4,0.2,0.8,0
445,Brian Mihalik\MihaBr00,DET,25,t,15,2,1,1,100.0%,-4,-4.0,0,-4,0.1,-0.3,0
446,Ifeanyi Momah\MomaIf00,ARI,28,te,9,2,2,1,50.0%,46,46.0,0,46,0.1,5.1,0
447,Charone Peake\PeakCh00,NYJ,25,,3,0,1,1,100.0%,3,3.0,0,3,0.3,1.0,0
448,Senorise Perry\PerrSe00,MIA,26,,16,0,1,1,100.0%,3,3.0,0,3,0.1,0.2,0
449,Larry Pinkard\PinkLa00,JAX,25,,4,0,1,1,100.0%,5,5.0,0,5,0.3,1.3,0
450,Kalif Raymond\RaymKa00,2TM,23,,8,0,1,1,100.0%,12,12.0,0,12,0.1,1.5,5
451,Andre Roberts\RobeAn00,ATL,29,,16,0,4,1,25.0%,12,12.0,0,12,0.1,0.8,4
452,Allen Robinson\RobiAl02,JAX,24,wr,1,1,1,1,100.0%,17,17.0,0,17,1.0,17.0,0
453,Eric Weems\WeemEr00,TEN,32,,16,0,2,1,50.0%,5,5.0,0,5,0.1,0.3,0
454,Leonard Wester\WestLe00,TAM,24,,8,0,1,1,100.0%,2,2.0,1,2,0.1,0.3,0
455,DeAndrew White\WhitDe01,HOU,26,wr,2,1,7,1,14.3%,24,24.0,0,24,0.5,12.0,1
456,Marcus Williams\WillMa03,2TM,26,,15,0,1,1,100.0%,31,31.0,0,31,0.1,2.1,0
457,Jesus Wilson\WilsJe00,TAM,22,wr,3,1,1,1,100.0%,18,18.0,1,18,0.3,6.0,0
458,Kevin Zeitler\ZeitKe00,CLE,27,RG,16,16,1,1,100.0%,-4,-4.0,0,-4,0.1,-0.3,0